movement_id,product_id,movement_type,quantity,movement_date
1,1,OPENING,500,2025-05-21
2,1,IN,21,2025-05-24
3,1,OUT,49,2025-06-01
4,1,IN,96,2025-06-11
5,1,IN,109,2025-06-12
6,1,IN,108,2025-06-19
7,1,OUT,94,2025-08-02
8,1,OUT,75,2025-09-15
9,1,OUT,7,2025-10-27
10,1,IN,114,2025-11-01
11,1,IN,127,2025-11-05
12,1,OUT,74,2025-11-10
13,1,IN,58,2025-11-17
14,1,OUT,13,2025-11-20
15,1,OUT,31,2025-11-24
16,1,OUT,71,2025-11-25
17,1,IN,75,2025-12-04
18,1,OUT,113,2025-12-27
19,1,IN,61,2026-01-06
20,2,OPENING,500,2025-02-24
21,2,IN,55,2025-03-18
22,2,OUT,84,2025-04-17
23,2,OUT,68,2025-05-13
24,2,OUT,118,2025-05-16
25,2,OUT,7,2025-05-26
26,2,IN,73,2025-05-28
27,2,IN,148,2025-06-14
28,2,OUT,44,2025-07-15
29,2,IN,139,2025-07-26
30,2,IN,125,2025-08-07
31,2,IN,66,2025-08-21
32,2,IN,142,2025-08-25
33,2,IN,138,2025-09-20
34,2,OUT,22,2025-11-11
35,2,IN,137,2025-11-12
36,2,OUT,21,2025-12-12
37,2,OUT,86,2025-12-14
38,2,OUT,92,2026-01-04
39,3,OPENING,500,2025-11-03
40,3,OUT,9,2025-11-04
41,3,IN,45,2025-11-05
42,3,IN,28,2025-11-05
43,3,OUT,15,2025-11-08
44,3,OUT,10,2025-11-15
45,3,IN,141,2025-11-17
46,3,OUT,42,2025-11-18
47,3,OUT,72,2025-11-19
48,3,IN,68,2025-11-29
49,3,OUT,26,2025-12-08
50,3,IN,110,2025-12-16
51,3,OUT,37,2025-12-17
52,3,IN,87,2025-12-18
53,3,IN,69,2025-12-30
54,3,OUT,24,2025-12-31
55,3,IN,38,2025-12-31
56,3,IN,119,2026-01-01
57,3,OUT,60,2026-01-06
58,4,OPENING,500,2025-10-11
59,4,IN,108,2025-10-12
60,4,IN,88,2025-10-12
61,4,OUT,47,2025-10-13
62,4,OUT,49,2025-10-16
63,4,IN,127,2025-10-22
64,4,IN,138,2025-10-23
65,4,OUT,21,2025-11-03
66,4,OUT,81,2025-11-04
67,4,IN,56,2025-11-07
68,4,IN,30,2025-11-20
69,4,IN,97,2025-12-18
70,4,IN,96,2025-12-21
71,4,IN,21,2025-12-22
72,4,OUT,64,2025-12-23
73,4,IN,54,2025-12-24
74,4,IN,26,2025-12-31
75,4,IN,104,2026-01-02
76,4,OUT,18,2026-01-03
77,5,OPENING,500,2025-05-05
78,5,IN,86,2025-05-09
79,5,OUT,42,2025-05-13
80,5,OUT,118,2025-06-11
81,5,IN,144,2025-08-11
82,5,IN,43,2025-08-12
83,5,OUT,60,2025-09-13
84,5,OUT,46,2025-09-17
85,5,OUT,19,2025-09-25
86,5,OUT,68,2025-09-30
87,5,OUT,90,2025-10-05
88,5,IN,121,2025-10-11
89,5,IN,61,2025-10-23
90,5,IN,51,2025-11-11
91,5,IN,128,2025-11-15
92,5,OUT,110,2025-11-30
93,5,IN,55,2025-12-16
94,5,IN,116,2025-12-18
95,5,IN,92,2026-01-05
96,6,OPENING,500,2025-03-07
97,6,IN,116,2025-03-10
98,6,IN,142,2025-03-19
99,6,IN,89,2025-03-31
100,6,IN,32,2025-04-11
101,6,IN,68,2025-04-30
102,6,IN,79,2025-06-20
103,6,OUT,2,2025-07-10
104,6,IN,24,2025-08-04
105,6,IN,46,2025-08-24
106,6,OUT,32,2025-08-28
107,6,OUT,21,2025-08-29
108,6,IN,27,2025-09-14
109,6,IN,69,2025-10-29
110,6,OUT,67,2025-11-03
111,6,IN,63,2025-11-21
112,6,OUT,58,2025-11-27
113,6,OUT,3,2025-12-10
114,6,IN,105,2025-12-15
115,7,OPENING,500,2025-12-26
116,7,IN,89,2025-12-26
117,7,IN,149,2025-12-26
118,7,OUT,87,2025-12-27
119,7,OUT,44,2025-12-27
120,7,OUT,2,2025-12-28
121,7,OUT,102,2025-12-28
122,7,OUT,81,2025-12-29
123,7,IN,54,2025-12-30
124,7,IN,117,2026-01-01
125,7,IN,49,2026-01-01
126,7,OUT,116,2026-01-02
127,7,OUT,8,2026-01-02
128,7,IN,63,2026-01-03
129,7,IN,55,2026-01-05
130,7,IN,96,2026-01-06
131,7,IN,50,2026-01-06
132,7,OUT,47,2026-01-06
133,7,IN,74,2026-01-06
134,8,OPENING,500,2025-04-05
135,8,OUT,80,2025-04-19
136,8,IN,125,2025-04-19
137,8,OUT,62,2025-04-29
138,8,OUT,30,2025-05-26
139,8,IN,140,2025-07-28
140,8,IN,74,2025-08-11
141,8,OUT,16,2025-08-25
142,8,IN,31,2025-08-27
143,8,IN,22,2025-08-29
144,8,IN,49,2025-09-01
145,8,IN,42,2025-09-06
146,8,IN,111,2025-09-26
147,8,IN,134,2025-09-26
148,8,OUT,104,2025-10-11
149,8,OUT,118,2025-10-29
150,8,OUT,5,2025-10-30
151,8,IN,123,2026-01-03
152,8,OUT,120,2026-01-05
153,9,OPENING,500,2025-04-16
154,9,IN,127,2025-04-19
155,9,IN,84,2025-05-02
156,9,OUT,30,2025-05-09
157,9,IN,103,2025-06-08
158,9,OUT,70,2025-06-22
159,9,OUT,22,2025-07-08
160,9,OUT,82,2025-07-26
161,9,OUT,72,2025-07-27
162,9,OUT,103,2025-07-27
163,9,OUT,32,2025-08-02
164,9,IN,35,2025-08-19
165,9,IN,57,2025-08-21
166,9,OUT,116,2025-08-25
167,9,IN,55,2025-10-12
168,9,IN,133,2025-10-26
169,9,IN,85,2025-12-01
170,9,OUT,105,2025-12-24
171,9,IN,104,2026-01-05
172,10,OPENING,500,2025-08-01
173,10,IN,21,2025-08-09
174,10,OUT,91,2025-08-16
175,10,IN,94,2025-08-21
176,10,IN,86,2025-09-01
177,10,IN,74,2025-09-01
178,10,IN,25,2025-09-02
179,10,IN,105,2025-09-07
180,10,IN,79,2025-09-13
181,10,IN,120,2025-09-20
182,10,OUT,116,2025-10-01
183,10,IN,31,2025-10-14
184,10,IN,68,2025-10-25
185,10,IN,61,2025-10-28
186,10,IN,101,2025-11-13
187,10,OUT,45,2025-11-18
188,10,OUT,35,2025-12-01
189,10,OUT,30,2025-12-12
190,10,IN,86,2025-12-27
191,11,OPENING,500,2025-08-05
192,11,OUT,80,2025-08-08
193,11,IN,26,2025-08-11
194,11,OUT,52,2025-08-29
195,11,OUT,14,2025-09-01
196,11,IN,92,2025-09-02
197,11,OUT,15,2025-09-05
198,11,OUT,21,2025-09-08
199,11,OUT,35,2025-09-11
200,11,IN,85,2025-09-29
201,11,IN,110,2025-10-18
202,11,OUT,2,2025-10-25
203,11,IN,39,2025-11-05
204,11,IN,29,2025-11-05
205,11,IN,44,2025-11-09
206,11,OUT,66,2025-11-17
207,11,IN,44,2025-11-19
208,11,OUT,54,2025-12-29
209,11,IN,52,2025-12-30
210,12,OPENING,500,2025-12-20
211,12,IN,114,2025-12-20
212,12,OUT,14,2025-12-20
213,12,OUT,65,2025-12-21
214,12,IN,129,2025-12-21
215,12,OUT,80,2025-12-23
216,12,OUT,54,2025-12-24
217,12,IN,144,2025-12-24
218,12,OUT,52,2025-12-25
219,12,IN,44,2025-12-26
220,12,IN,136,2025-12-27
221,12,OUT,98,2025-12-29
222,12,IN,44,2025-12-30
223,12,IN,98,2025-12-30
224,12,IN,87,2025-12-30
225,12,OUT,45,2025-12-31
226,12,OUT,60,2026-01-01
227,12,IN,31,2026-01-03
228,12,OUT,32,2026-01-05
229,13,OPENING,500,2025-06-08
230,13,IN,147,2025-06-29
231,13,OUT,96,2025-07-07
232,13,OUT,92,2025-07-07
233,13,OUT,13,2025-07-08
234,13,IN,50,2025-07-15
235,13,IN,97,2025-07-20
236,13,OUT,20,2025-07-28
237,13,OUT,18,2025-08-05
238,13,IN,79,2025-08-07
239,13,IN,112,2025-08-09
240,13,OUT,43,2025-09-24
241,13,IN,149,2025-09-29
242,13,OUT,60,2025-10-12
243,13,IN,50,2025-11-22
244,13,OUT,115,2025-11-27
245,13,OUT,5,2025-12-08
246,13,IN,29,2026-01-05
247,13,IN,108,2026-01-06
248,14,OPENING,500,2025-07-06
249,14,IN,149,2025-07-25
250,14,IN,145,2025-08-03
251,14,IN,30,2025-08-07
252,14,OUT,50,2025-08-08
253,14,IN,75,2025-08-11
254,14,OUT,79,2025-09-01
255,14,IN,102,2025-09-06
256,14,IN,118,2025-09-14
257,14,OUT,21,2025-10-01
258,14,OUT,73,2025-10-16
259,14,IN,134,2025-10-23
260,14,OUT,7,2025-11-12
261,14,IN,99,2025-12-05
262,14,IN,116,2025-12-11
263,14,IN,23,2025-12-15
264,14,OUT,4,2025-12-21
265,14,OUT,103,2025-12-21
266,14,IN,59,2025-12-29
267,15,OPENING,500,2025-06-02
268,15,IN,36,2025-06-18
269,15,IN,120,2025-06-26
270,15,IN,122,2025-08-04
271,15,OUT,52,2025-08-19
272,15,IN,71,2025-08-24
273,15,IN,143,2025-09-06
274,15,OUT,38,2025-09-07
275,15,OUT,103,2025-09-19
276,15,IN,82,2025-09-25
277,15,OUT,101,2025-09-26
278,15,IN,135,2025-10-02
279,15,IN,81,2025-10-10
280,15,OUT,99,2025-10-17
281,15,IN,26,2025-10-22
282,15,OUT,27,2025-10-24
283,15,IN,111,2025-12-04
284,15,IN,33,2025-12-07
285,15,OUT,71,2025-12-07
286,16,OPENING,500,2025-03-19
287,16,OUT,101,2025-03-29
288,16,OUT,86,2025-04-16
289,16,IN,149,2025-04-29
290,16,IN,81,2025-05-05
291,16,IN,98,2025-05-26
292,16,IN,77,2025-05-28
293,16,OUT,120,2025-07-11
294,16,OUT,39,2025-08-23
295,16,OUT,5,2025-08-23
296,16,IN,84,2025-08-28
297,16,OUT,13,2025-09-12
298,16,OUT,85,2025-09-12
299,16,OUT,90,2025-09-23
300,16,OUT,114,2025-10-08
301,16,IN,101,2025-10-27
302,16,IN,71,2025-11-17
303,16,OUT,55,2025-12-29
304,16,IN,136,2026-01-04
305,17,OPENING,500,2025-06-07
306,17,OUT,26,2025-06-08
307,17,IN,53,2025-06-19
308,17,IN,71,2025-06-23
309,17,OUT,112,2025-07-01
310,17,OUT,82,2025-07-14
311,17,OUT,104,2025-07-16
312,17,OUT,99,2025-07-22
313,17,IN,61,2025-07-24
314,17,OUT,21,2025-08-12
315,17,IN,61,2025-09-14
316,17,OUT,13,2025-09-29
317,17,IN,132,2025-09-30
318,17,OUT,105,2025-10-07
319,17,IN,36,2025-10-17
320,17,IN,139,2025-10-19
321,17,OUT,9,2025-10-22
322,17,OUT,41,2025-11-12
323,17,IN,148,2025-12-12
324,18,OPENING,500,2025-05-04
325,18,OUT,2,2025-05-22
326,18,OUT,60,2025-05-31
327,18,IN,67,2025-06-11
328,18,OUT,29,2025-07-21
329,18,OUT,97,2025-07-26
330,18,OUT,10,2025-08-03
331,18,OUT,114,2025-08-15
332,18,OUT,58,2025-08-18
333,18,OUT,60,2025-10-01
334,18,IN,40,2025-10-10
335,18,IN,47,2025-10-19
336,18,OUT,75,2025-11-02
337,18,OUT,119,2025-11-25
338,18,IN,53,2025-12-14
339,18,OUT,8,2025-12-15
340,18,OUT,59,2025-12-16
341,18,IN,98,2025-12-20
342,18,OUT,17,2025-12-28
343,19,OPENING,500,2025-03-28
344,19,OUT,60,2025-05-20
345,19,IN,106,2025-06-08
346,19,OUT,88,2025-06-11
347,19,OUT,45,2025-06-18
348,19,OUT,83,2025-06-18
349,19,OUT,69,2025-06-19
350,19,OUT,32,2025-07-09
351,19,IN,106,2025-08-11
352,19,OUT,101,2025-08-13
353,19,IN,27,2025-08-19
354,19,IN,96,2025-08-24
355,19,OUT,72,2025-09-02
356,19,OUT,87,2025-09-18
357,19,IN,62,2025-10-02
358,19,IN,148,2025-10-10
359,19,OUT,109,2025-12-04
360,19,IN,36,2025-12-12
361,19,IN,40,2025-12-31
362,20,OPENING,500,2025-11-13
363,20,IN,77,2025-11-15
364,20,IN,129,2025-11-18
365,20,IN,47,2025-11-20
366,20,IN,70,2025-11-24
367,20,OUT,107,2025-11-27
368,20,IN,24,2025-11-30
369,20,OUT,5,2025-12-03
370,20,OUT,94,2025-12-06
371,20,IN,115,2025-12-10
372,20,OUT,8,2025-12-17
373,20,OUT,64,2025-12-19
374,20,OUT,10,2025-12-20
375,20,IN,57,2025-12-25
376,20,IN,130,2025-12-26
377,20,IN,131,2025-12-28
378,20,IN,100,2025-12-28
379,20,OUT,95,2026-01-05
380,20,IN,123,2026-01-06
381,21,OPENING,500,2025-10-14
382,21,IN,92,2025-10-19
383,21,OUT,66,2025-10-24
384,21,IN,68,2025-10-28
385,21,IN,55,2025-10-29
386,21,IN,145,2025-11-06
387,21,OUT,68,2025-11-21
388,21,IN,97,2025-11-22
389,21,OUT,105,2025-11-24
390,21,OUT,41,2025-11-30
391,21,OUT,89,2025-12-07
392,21,OUT,119,2025-12-08
393,21,OUT,62,2025-12-11
394,21,IN,133,2025-12-14
395,21,OUT,10,2025-12-20
396,21,OUT,21,2025-12-25
397,21,OUT,36,2025-12-28
398,21,IN,110,2026-01-02
399,21,OUT,104,2026-01-06
400,22,OPENING,500,2025-06-06
401,22,OUT,2,2025-06-08
402,22,IN,137,2025-06-12
403,22,OUT,13,2025-07-05
404,22,OUT,53,2025-07-09
405,22,IN,114,2025-07-14
406,22,OUT,16,2025-07-15
407,22,IN,51,2025-07-17
408,22,OUT,32,2025-07-22
409,22,OUT,98,2025-08-21
410,22,OUT,11,2025-09-07
411,22,IN,29,2025-09-16
412,22,IN,34,2025-10-09
413,22,IN,36,2025-10-26
414,22,IN,78,2025-11-05
415,22,OUT,78,2025-11-06
416,22,IN,143,2025-11-22
417,22,IN,133,2025-11-25
418,22,IN,41,2025-11-28
419,23,OPENING,500,2025-06-16
420,23,OUT,116,2025-06-29
421,23,OUT,30,2025-07-05
422,23,OUT,84,2025-07-13
423,23,OUT,85,2025-08-03
424,23,OUT,44,2025-08-06
425,23,IN,51,2025-08-18
426,23,IN,132,2025-09-21
427,23,OUT,120,2025-09-24
428,23,OUT,21,2025-10-03
429,23,IN,141,2025-10-11
430,23,OUT,32,2025-10-13
431,23,OUT,94,2025-10-28
432,23,IN,138,2025-11-11
433,23,OUT,39,2025-11-20
434,23,OUT,113,2025-11-23
435,23,OUT,12,2025-11-24
436,23,OUT,105,2025-12-06
437,23,IN,37,2025-12-09
438,24,OPENING,500,2026-01-02
439,24,OUT,21,2026-01-02
440,24,IN,145,2026-01-02
441,24,OUT,8,2026-01-02
442,24,OUT,46,2026-01-02
443,24,OUT,104,2026-01-03
444,24,IN,105,2026-01-04
445,24,OUT,22,2026-01-04
446,24,OUT,107,2026-01-04
447,24,OUT,89,2026-01-05
448,24,IN,41,2026-01-05
449,24,OUT,92,2026-01-05
450,24,IN,48,2026-01-06
451,24,IN,32,2026-01-06
452,24,OUT,82,2026-01-06
453,24,IN,21,2026-01-06
454,24,IN,48,2026-01-06
455,24,OUT,85,2026-01-06
456,24,IN,46,2026-01-06
457,25,OPENING,500,2025-02-27
458,25,OUT,50,2025-03-07
459,25,IN,114,2025-03-09
460,25,IN,107,2025-03-14
461,25,OUT,44,2025-03-17
462,25,OUT,77,2025-03-21
463,25,OUT,22,2025-03-25
464,25,IN,116,2025-04-14
465,25,OUT,56,2025-04-16
466,25,OUT,3,2025-04-17
467,25,OUT,63,2025-04-20
468,25,OUT,118,2025-05-05
469,25,OUT,19,2025-06-29
470,25,OUT,23,2025-08-14
471,25,OUT,29,2025-08-28
472,25,IN,49,2025-09-08
473,25,OUT,39,2025-10-22
474,25,IN,127,2025-11-17
475,25,IN,130,2025-11-27
476,26,OPENING,500,2025-02-19
477,26,OUT,25,2025-02-24
478,26,IN,147,2025-03-02
479,26,IN,130,2025-03-05
480,26,IN,125,2025-04-09
481,26,IN,91,2025-05-04
482,26,IN,148,2025-05-10
483,26,IN,127,2025-05-19
484,26,IN,24,2025-05-21
485,26,IN,22,2025-09-09
486,26,IN,123,2025-09-11
487,26,IN,83,2025-10-05
488,26,OUT,106,2025-10-08
489,26,IN,117,2025-10-14
490,26,IN,29,2025-10-28
491,26,OUT,21,2025-10-29
492,26,OUT,46,2025-11-11
493,26,OUT,103,2025-12-04
494,26,IN,85,2025-12-09
495,27,OPENING,500,2025-02-13
496,27,IN,131,2025-03-05
497,27,IN,32,2025-03-06
498,27,OUT,9,2025-03-16
499,27,IN,105,2025-03-23
500,27,IN,109,2025-04-22
501,27,OUT,58,2025-04-22
502,27,OUT,54,2025-05-05
503,27,OUT,12,2025-06-06
504,27,IN,33,2025-07-06
505,27,IN,140,2025-07-12
506,27,IN,140,2025-08-04
507,27,IN,39,2025-08-14
508,27,OUT,75,2025-09-04
509,27,IN,89,2025-09-30
510,27,IN,75,2025-10-04
511,27,OUT,83,2025-12-14
512,27,OUT,101,2025-12-17
513,27,OUT,58,2025-12-25
514,28,OPENING,500,2025-06-12
515,28,IN,130,2025-06-15
516,28,OUT,4,2025-06-18
517,28,IN,39,2025-06-20
518,28,OUT,10,2025-07-11
519,28,OUT,24,2025-07-15
520,28,IN,56,2025-07-21
521,28,OUT,102,2025-07-26
522,28,OUT,85,2025-07-28
523,28,OUT,54,2025-08-06
524,28,IN,122,2025-08-16
525,28,OUT,21,2025-10-01
526,28,IN,57,2025-10-17
527,28,OUT,46,2025-10-30
528,28,OUT,4,2025-11-30
529,28,OUT,60,2025-12-12
530,28,OUT,57,2025-12-30
531,28,OUT,45,2026-01-05
532,28,OUT,20,2026-01-06
533,29,OPENING,500,2025-01-08
534,29,IN,36,2025-01-13
535,29,IN,138,2025-01-21
536,29,OUT,71,2025-01-26
537,29,OUT,4,2025-02-19
538,29,IN,33,2025-02-23
539,29,OUT,3,2025-04-14
540,29,OUT,88,2025-06-04
541,29,OUT,101,2025-06-06
542,29,IN,99,2025-06-13
543,29,OUT,58,2025-07-12
544,29,OUT,55,2025-07-20
545,29,IN,139,2025-09-11
546,29,OUT,24,2025-10-23
547,29,IN,101,2025-10-23
548,29,OUT,19,2025-11-05
549,29,OUT,31,2025-11-19
550,29,OUT,60,2025-12-24
551,29,OUT,60,2026-01-06
552,30,OPENING,500,2025-04-20
553,30,OUT,19,2025-04-24
554,30,IN,68,2025-04-29
555,30,IN,82,2025-06-08
556,30,IN,129,2025-06-22
557,30,IN,128,2025-07-02
558,30,OUT,76,2025-07-15
559,30,OUT,30,2025-07-18
560,30,IN,77,2025-07-26
561,30,OUT,102,2025-07-28
562,30,OUT,117,2025-08-04
563,30,OUT,31,2025-08-06
564,30,IN,119,2025-08-13
565,30,IN,38,2025-08-21
566,30,OUT,48,2025-08-21
567,30,IN,113,2025-09-17
568,30,OUT,55,2025-10-03
569,30,IN,132,2025-11-07
570,30,OUT,55,2025-11-25
571,31,OPENING,500,2025-08-10
572,31,OUT,97,2025-08-10
573,31,OUT,18,2025-08-11
574,31,OUT,63,2025-08-28
575,31,OUT,116,2025-09-08
576,31,OUT,113,2025-09-09
577,31,OUT,92,2025-09-23
578,31,OUT,1,2025-09-23
579,31,IN,66,2025-11-04
580,31,IN,76,2025-11-20
581,31,IN,137,2025-11-20
582,31,OUT,45,2025-11-21
583,31,IN,23,2025-12-19
584,31,IN,66,2025-12-26
585,31,IN,66,2025-12-27
586,31,IN,97,2025-12-31
587,32,OPENING,500,2025-06-02
588,32,OUT,75,2025-06-03
589,32,OUT,103,2025-06-03
590,32,OUT,9,2025-06-14
591,32,IN,109,2025-06-19
592,32,IN,88,2025-06-22
593,32,OUT,116,2025-07-08
594,32,IN,80,2025-07-13
595,32,OUT,10,2025-07-28
596,32,IN,69,2025-08-15
597,32,OUT,3,2025-08-16
598,32,IN,126,2025-08-25
599,32,IN,132,2025-09-04
600,32,OUT,94,2025-10-02
601,32,IN,137,2025-10-10
602,32,IN,100,2025-10-16
603,32,OUT,109,2025-10-29
604,32,IN,70,2025-12-12
605,32,OUT,117,2025-12-16
606,33,OPENING,500,2025-06-06
607,33,IN,54,2025-06-11
608,33,IN,65,2025-06-14
609,33,OUT,26,2025-06-22
610,33,OUT,115,2025-06-24
611,33,OUT,69,2025-07-13
612,33,OUT,93,2025-07-19
613,33,OUT,64,2025-07-26
614,33,IN,68,2025-08-12
615,33,IN,93,2025-09-13
616,33,OUT,64,2025-09-15
617,33,OUT,5,2025-09-22
618,33,IN,119,2025-10-12
619,33,IN,89,2025-10-15
620,33,OUT,90,2025-11-09
621,33,OUT,4,2025-11-15
622,33,IN,145,2025-12-08
623,33,IN,58,2025-12-16
624,33,IN,148,2025-12-30
625,34,OPENING,500,2025-05-24
626,34,IN,43,2025-05-25
627,34,OUT,57,2025-06-21
628,34,IN,119,2025-06-24
629,34,IN,89,2025-06-27
630,34,IN,60,2025-07-01
631,34,OUT,54,2025-07-05
632,34,IN,79,2025-07-24
633,34,OUT,108,2025-08-10
634,34,OUT,60,2025-09-03
635,34,OUT,57,2025-10-11
636,34,OUT,31,2025-10-14
637,34,OUT,84,2025-10-25
638,34,OUT,24,2025-10-28
639,34,IN,55,2025-11-14
640,34,IN,127,2025-11-22
641,34,IN,125,2025-12-07
642,34,IN,105,2025-12-15
643,34,OUT,92,2026-01-04
644,35,OPENING,500,2025-03-14
645,35,IN,33,2025-05-15
646,35,IN,139,2025-05-27
647,35,IN,99,2025-06-04
648,35,IN,125,2025-06-07
649,35,IN,89,2025-06-18
650,35,IN,63,2025-07-22
651,35,IN,92,2025-08-02
652,35,OUT,45,2025-08-02
653,35,OUT,100,2025-08-03
654,35,OUT,56,2025-08-31
655,35,OUT,107,2025-09-18
656,35,IN,103,2025-10-06
657,35,IN,101,2025-10-16
658,35,OUT,107,2025-10-21
659,35,OUT,57,2025-10-22
660,35,OUT,21,2025-11-06
661,35,IN,26,2025-11-20
662,35,IN,89,2025-12-31
663,36,OPENING,500,2025-11-25
664,36,OUT,15,2025-11-25
665,36,IN,139,2025-11-26
666,36,OUT,14,2025-12-02
667,36,IN,76,2025-12-05
668,36,IN,77,2025-12-10
669,36,IN,40,2025-12-11
670,36,OUT,82,2025-12-12
671,36,IN,88,2025-12-14
672,36,IN,106,2025-12-14
673,36,IN,68,2025-12-14
674,36,IN,134,2025-12-27
675,36,OUT,89,2025-12-28
676,36,OUT,85,2025-12-29
677,36,OUT,12,2025-12-30
678,36,IN,136,2025-12-30
679,36,OUT,68,2026-01-02
680,36,OUT,106,2026-01-04
681,36,OUT,71,2026-01-06
682,37,OPENING,500,2025-12-19
683,37,OUT,86,2025-12-19
684,37,OUT,119,2025-12-19
685,37,OUT,33,2025-12-20
686,37,IN,100,2025-12-20
687,37,IN,80,2025-12-23
688,37,OUT,61,2025-12-23
689,37,OUT,98,2025-12-23
690,37,OUT,28,2025-12-23
691,37,IN,62,2025-12-24
692,37,IN,105,2025-12-27
693,37,IN,36,2025-12-27
694,37,IN,117,2025-12-29
695,37,OUT,70,2025-12-30
696,37,IN,117,2025-12-30
697,37,IN,84,2025-12-31
698,37,OUT,74,2026-01-02
699,37,OUT,85,2026-01-05
700,37,OUT,5,2026-01-05
701,38,OPENING,500,2025-11-19
702,38,IN,21,2025-11-20
703,38,OUT,22,2025-11-25
704,38,OUT,112,2025-11-27
705,38,IN,76,2025-11-30
706,38,OUT,66,2025-12-02
707,38,OUT,74,2025-12-04
708,38,OUT,98,2025-12-06
709,38,OUT,16,2025-12-09
710,38,OUT,112,2025-12-10
711,38,IN,144,2025-12-18
712,38,IN,105,2025-12-20
713,38,OUT,76,2025-12-22
714,38,OUT,88,2025-12-23
715,38,OUT,111,2025-12-26
716,38,OUT,40,2025-12-27
717,38,OUT,6,2025-12-28
718,38,IN,78,2025-12-29
719,38,OUT,10,2026-01-05
720,39,OPENING,500,2025-06-26
721,39,IN,118,2025-07-17
722,39,OUT,64,2025-07-25
723,39,OUT,115,2025-08-03
724,39,OUT,63,2025-08-05
725,39,IN,68,2025-08-17
726,39,OUT,64,2025-09-15
727,39,IN,51,2025-09-20
728,39,OUT,7,2025-09-25
729,39,OUT,21,2025-09-29
730,39,IN,39,2025-10-08
731,39,IN,146,2025-10-13
732,39,OUT,68,2025-10-15
733,39,OUT,110,2025-10-29
734,39,OUT,116,2025-11-05
735,39,IN,139,2025-11-15
736,39,IN,98,2025-11-25
737,39,OUT,86,2025-11-28
738,39,IN,135,2025-12-21
739,40,OPENING,500,2025-10-31
740,40,OUT,92,2025-10-31
741,40,OUT,14,2025-11-02
742,40,OUT,27,2025-11-05
743,40,IN,144,2025-11-08
744,40,IN,77,2025-11-13
745,40,IN,47,2025-11-16
746,40,IN,45,2025-11-17
747,40,OUT,113,2025-11-20
748,40,IN,85,2025-11-21
749,40,OUT,25,2025-11-25
750,40,IN,63,2025-11-30
751,40,IN,116,2025-12-16
752,40,IN,61,2025-12-16
753,40,OUT,116,2025-12-16
754,40,IN,25,2025-12-20
755,40,IN,42,2025-12-23
756,40,OUT,89,2026-01-05
757,40,OUT,50,2026-01-05
758,41,OPENING,500,2025-01-06
759,41,OUT,43,2025-01-22
760,41,OUT,19,2025-02-27
761,41,OUT,69,2025-03-20
762,41,OUT,51,2025-03-24
763,41,IN,30,2025-05-02
764,41,OUT,120,2025-05-04
765,41,IN,31,2025-05-11
766,41,OUT,74,2025-05-27
767,41,IN,27,2025-06-28
768,41,IN,60,2025-07-08
769,41,IN,104,2025-08-21
770,41,OUT,72,2025-08-24
771,41,OUT,55,2025-09-04
772,41,OUT,9,2025-09-23
773,41,OUT,47,2025-09-28
774,41,IN,123,2025-10-16
775,41,OUT,82,2025-10-25
776,41,OUT,42,2025-12-31
777,42,OPENING,500,2025-01-16
778,42,OUT,60,2025-02-01
779,42,IN,31,2025-02-10
780,42,OUT,2,2025-02-15
781,42,OUT,7,2025-02-21
782,42,OUT,80,2025-03-13
783,42,OUT,3,2025-04-02
784,42,OUT,109,2025-04-19
785,42,OUT,3,2025-06-04
786,42,OUT,27,2025-06-19
787,42,IN,133,2025-07-17
788,42,IN,126,2025-07-19
789,42,OUT,40,2025-07-25
790,42,IN,148,2025-07-27
791,42,OUT,119,2025-08-24
792,42,IN,27,2025-08-25
793,42,OUT,101,2025-11-13
794,42,OUT,32,2025-12-02
795,42,OUT,48,2026-01-04
796,43,OPENING,500,2025-03-23
797,43,OUT,107,2025-03-29
798,43,IN,120,2025-04-10
799,43,OUT,4,2025-05-01
800,43,IN,129,2025-05-03
801,43,IN,38,2025-05-10
802,43,OUT,32,2025-06-14
803,43,IN,31,2025-06-17
804,43,OUT,11,2025-08-06
805,43,IN,65,2025-09-04
806,43,OUT,119,2025-09-04
807,43,IN,35,2025-09-28
808,43,IN,148,2025-10-12
809,43,OUT,63,2025-10-14
810,43,IN,128,2025-11-01
811,43,IN,138,2025-11-29
812,43,OUT,117,2025-11-29
813,43,OUT,21,2025-12-19
814,43,OUT,30,2026-01-05
815,44,OPENING,500,2025-11-01
816,44,OUT,13,2025-11-11
817,44,IN,23,2025-11-13
818,44,OUT,28,2025-11-15
819,44,OUT,102,2025-11-18
820,44,OUT,95,2025-11-20
821,44,OUT,59,2025-11-23
822,44,IN,147,2025-11-24
823,44,IN,46,2025-11-25
824,44,IN,88,2025-11-26
825,44,OUT,25,2025-11-29
826,44,IN,116,2025-12-03
827,44,IN,44,2025-12-07
828,44,OUT,20,2025-12-08
829,44,IN,145,2025-12-13
830,44,IN,28,2025-12-14
831,44,OUT,116,2025-12-15
832,44,IN,79,2025-12-17
833,44,OUT,44,2025-12-25
834,45,OPENING,500,2025-03-04
835,45,IN,140,2025-03-16
836,45,IN,127,2025-04-03
837,45,OUT,108,2025-04-18
838,45,IN,95,2025-05-23
839,45,OUT,92,2025-05-30
840,45,OUT,30,2025-07-01
841,45,OUT,90,2025-07-18
842,45,OUT,112,2025-07-19
843,45,IN,40,2025-08-06
844,45,IN,53,2025-08-07
845,45,OUT,41,2025-08-22
846,45,IN,70,2025-08-23
847,45,IN,101,2025-09-13
848,45,IN,77,2025-10-18
849,45,IN,94,2025-11-03
850,45,OUT,57,2025-11-30
851,45,IN,42,2025-12-06
852,45,OUT,48,2025-12-24
853,46,OPENING,500,2025-01-27
854,46,IN,147,2025-02-17
855,46,IN,36,2025-02-28
856,46,OUT,69,2025-03-06
857,46,OUT,108,2025-04-01
858,46,OUT,11,2025-04-05
859,46,OUT,94,2025-04-08
860,46,IN,34,2025-04-24
861,46,OUT,91,2025-06-22
862,46,OUT,35,2025-06-26
863,46,IN,52,2025-07-04
864,46,IN,144,2025-08-11
865,46,OUT,16,2025-08-17
866,46,OUT,34,2025-09-17
867,46,OUT,66,2025-11-03
868,46,OUT,99,2025-11-30
869,46,OUT,40,2025-12-13
870,46,OUT,120,2026-01-05
871,46,OUT,28,2026-01-06
872,47,OPENING,500,2025-10-05
873,47,IN,66,2025-10-05
874,47,OUT,39,2025-10-09
875,47,OUT,70,2025-10-17
876,47,IN,143,2025-10-24
877,47,IN,20,2025-10-25
878,47,OUT,72,2025-10-25
879,47,OUT,119,2025-11-06
880,47,OUT,87,2025-11-10
881,47,OUT,63,2025-11-29
882,47,IN,86,2025-11-30
883,47,OUT,4,2025-11-30
884,47,OUT,58,2025-12-09
885,47,IN,66,2025-12-10
886,47,IN,57,2025-12-13
887,47,OUT,15,2025-12-24
888,47,OUT,63,2025-12-24
889,47,IN,40,2025-12-26
890,47,OUT,99,2025-12-29
891,48,OPENING,500,2025-12-12
892,48,IN,76,2025-12-14
893,48,IN,136,2025-12-15
894,48,OUT,53,2025-12-19
895,48,IN,65,2025-12-21
896,48,IN,58,2025-12-21
897,48,IN,118,2025-12-23
898,48,OUT,77,2025-12-23
899,48,OUT,79,2025-12-23
900,48,IN,134,2025-12-24
901,48,OUT,97,2025-12-28
902,48,IN,110,2025-12-29
903,48,IN,117,2025-12-31
904,48,OUT,120,2026-01-03
905,48,OUT,46,2026-01-04
906,48,OUT,38,2026-01-04
907,48,IN,119,2026-01-05
908,48,IN,91,2026-01-06
909,48,IN,54,2026-01-06
910,49,OPENING,500,2025-12-16
911,49,OUT,19,2025-12-17
912,49,OUT,30,2025-12-17
913,49,IN,97,2025-12-21
914,49,OUT,84,2025-12-21
915,49,OUT,113,2025-12-22
916,49,OUT,25,2025-12-25
917,49,OUT,40,2025-12-26
918,49,IN,107,2025-12-27
919,49,OUT,14,2025-12-28
920,49,IN,121,2025-12-28
921,49,IN,102,2025-12-28
922,49,IN,129,2025-12-29
923,49,OUT,51,2025-12-30
924,49,OUT,3,2026-01-01
925,49,IN,38,2026-01-02
926,49,OUT,73,2026-01-03
927,49,IN,47,2026-01-03
928,49,OUT,84,2026-01-04
929,50,OPENING,500,2026-01-02
930,50,IN,90,2026-01-02
931,50,OUT,78,2026-01-02
932,50,OUT,63,2026-01-02
933,50,OUT,73,2026-01-03
934,50,OUT,119,2026-01-04
935,50,OUT,19,2026-01-04
936,50,IN,139,2026-01-04
937,50,IN,80,2026-01-04
938,50,OUT,36,2026-01-04
939,50,IN,49,2026-01-04
940,50,OUT,9,2026-01-04
941,50,IN,83,2026-01-04
942,50,IN,139,2026-01-06
943,50,OUT,52,2026-01-06
944,50,OUT,89,2026-01-06
945,50,OUT,14,2026-01-06
946,50,IN,72,2026-01-06
947,50,IN,97,2026-01-06
948,51,OPENING,500,2026-01-04
949,51,IN,60,2026-01-04
950,51,IN,87,2026-01-04
951,51,OUT,92,2026-01-04
952,51,OUT,8,2026-01-04
953,51,IN,21,2026-01-04
954,51,IN,124,2026-01-04
955,51,IN,144,2026-01-04
956,51,IN,129,2026-01-05
957,51,OUT,86,2026-01-05
958,51,OUT,41,2026-01-05
959,51,OUT,120,2026-01-05
960,51,OUT,55,2026-01-05
961,51,IN,35,2026-01-05
962,51,OUT,93,2026-01-06
963,51,IN,81,2026-01-06
964,51,OUT,113,2026-01-06
965,51,OUT,48,2026-01-06
966,51,OUT,30,2026-01-06
967,52,OPENING,500,2025-08-09
968,52,IN,31,2025-08-22
969,52,OUT,35,2025-08-27
970,52,IN,30,2025-09-01
971,52,OUT,64,2025-09-04
972,52,OUT,110,2025-10-04
973,52,IN,69,2025-10-07
974,52,OUT,85,2025-10-29
975,52,IN,88,2025-11-05
976,52,OUT,48,2025-11-07
977,52,OUT,20,2025-11-16
978,52,IN,120,2025-11-24
979,52,OUT,67,2025-12-07
980,52,OUT,44,2025-12-08
981,52,IN,87,2025-12-10
982,52,IN,54,2025-12-12
983,52,OUT,81,2025-12-19
984,52,IN,84,2025-12-21
985,52,IN,27,2025-12-22
986,53,OPENING,500,2025-08-20
987,53,IN,64,2025-08-25
988,53,IN,106,2025-08-30
989,53,OUT,47,2025-09-14
990,53,IN,95,2025-09-23
991,53,IN,95,2025-09-27
992,53,IN,66,2025-09-29
993,53,IN,34,2025-10-07
994,53,IN,124,2025-10-24
995,53,IN,45,2025-10-24
996,53,IN,71,2025-11-02
997,53,OUT,93,2025-11-12
998,53,IN,40,2025-11-15
999,53,IN,70,2025-11-17
1000,53,OUT,38,2025-11-22
1001,53,IN,39,2025-12-05
1002,53,IN,74,2025-12-05
1003,53,OUT,71,2025-12-19
1004,53,IN,111,2025-12-29
1005,54,OPENING,500,2025-03-28
1006,54,IN,47,2025-04-09
1007,54,IN,23,2025-04-19
1008,54,IN,95,2025-05-01
1009,54,IN,86,2025-05-06
1010,54,OUT,86,2025-05-16
1011,54,IN,110,2025-05-17
1012,54,OUT,55,2025-06-02
1013,54,IN,124,2025-06-13
1014,54,IN,20,2025-07-03
1015,54,OUT,72,2025-07-24
1016,54,IN,106,2025-08-06
1017,54,IN,25,2025-09-12
1018,54,OUT,86,2025-10-08
1019,54,IN,80,2025-10-21
1020,54,IN,31,2025-10-29
1021,54,OUT,6,2025-12-01
1022,54,OUT,90,2025-12-02
1023,54,OUT,27,2026-01-03
1024,55,OPENING,500,2025-11-09
1025,55,IN,143,2025-11-10
1026,55,OUT,106,2025-11-18
1027,55,IN,112,2025-11-19
1028,55,IN,128,2025-11-19
1029,55,OUT,113,2025-11-26
1030,55,OUT,99,2025-11-27
1031,55,IN,54,2025-11-27
1032,55,IN,103,2025-11-28
1033,55,OUT,56,2025-12-01
1034,55,OUT,49,2025-12-04
1035,55,OUT,13,2025-12-05
1036,55,IN,68,2025-12-06
1037,55,OUT,46,2025-12-06
1038,55,OUT,113,2025-12-17
1039,55,IN,62,2025-12-18
1040,55,IN,143,2025-12-25
1041,55,OUT,97,2025-12-26
1042,55,IN,109,2026-01-06
1043,56,OPENING,500,2025-12-15
1044,56,IN,58,2025-12-19
1045,56,IN,104,2025-12-19
1046,56,OUT,117,2025-12-20
1047,56,OUT,49,2025-12-20
1048,56,OUT,64,2025-12-21
1049,56,OUT,62,2025-12-24
1050,56,OUT,106,2025-12-25
1051,56,OUT,107,2025-12-25
1052,56,IN,73,2025-12-27
1053,56,IN,145,2025-12-28
1054,56,IN,28,2025-12-30
1055,56,OUT,88,2025-12-30
1056,56,OUT,37,2025-12-30
1057,56,IN,68,2026-01-01
1058,56,OUT,41,2026-01-04
1059,56,OUT,17,2026-01-05
1060,56,OUT,88,2026-01-05
1061,56,OUT,21,2026-01-06
1062,57,OPENING,500,2025-11-05
1063,57,OUT,51,2025-11-05
1064,57,IN,78,2025-11-08
1065,57,OUT,39,2025-11-17
1066,57,OUT,55,2025-11-19
1067,57,OUT,41,2025-11-20
1068,57,OUT,39,2025-11-26
1069,57,OUT,13,2025-12-01
1070,57,IN,30,2025-12-04
1071,57,OUT,110,2025-12-05
1072,57,IN,96,2025-12-06
1073,57,IN,146,2025-12-09
1074,57,IN,65,2025-12-11
1075,57,IN,64,2025-12-12
1076,57,OUT,1,2025-12-22
1077,57,IN,127,2025-12-30
1078,57,OUT,19,2026-01-01
1079,57,IN,95,2026-01-02
1080,57,IN,91,2026-01-03
1081,58,OPENING,500,2025-11-18
1082,58,OUT,72,2025-11-18
1083,58,IN,128,2025-11-20
1084,58,OUT,12,2025-11-21
1085,58,OUT,61,2025-11-26
1086,58,OUT,112,2025-11-27
1087,58,IN,64,2025-11-28
1088,58,OUT,90,2025-11-29
1089,58,OUT,103,2025-12-03
1090,58,OUT,92,2025-12-07
1091,58,IN,27,2025-12-10
1092,58,IN,110,2025-12-12
1093,58,IN,106,2025-12-13
1094,58,OUT,30,2025-12-19
1095,58,IN,103,2025-12-26
1096,58,IN,101,2025-12-27
1097,58,OUT,18,2025-12-28
1098,58,OUT,66,2025-12-30
1099,58,IN,87,2026-01-03
1100,59,OPENING,500,2025-10-11
1101,59,OUT,94,2025-10-13
1102,59,IN,146,2025-10-18
1103,59,OUT,36,2025-10-25
1104,59,IN,101,2025-10-26
1105,59,OUT,101,2025-10-26
1106,59,IN,103,2025-11-20
1107,59,IN,132,2025-11-23
1108,59,OUT,97,2025-11-27
1109,59,OUT,76,2025-11-28
1110,59,OUT,115,2025-12-03
1111,59,OUT,15,2025-12-04
1112,59,IN,60,2025-12-06
1113,59,IN,21,2025-12-07
1114,59,IN,48,2025-12-11
1115,59,OUT,105,2025-12-16
1116,59,IN,70,2025-12-23
1117,59,IN,94,2025-12-31
1118,59,IN,29,2026-01-03
1119,60,OPENING,500,2025-02-14
1120,60,IN,70,2025-04-09
1121,60,IN,137,2025-04-19
1122,60,OUT,73,2025-05-04
1123,60,OUT,39,2025-05-15
1124,60,OUT,28,2025-05-20
1125,60,OUT,3,2025-06-05
1126,60,IN,103,2025-06-12
1127,60,OUT,70,2025-07-28
1128,60,OUT,27,2025-07-29
1129,60,OUT,117,2025-08-03
1130,60,IN,21,2025-09-02
1131,60,IN,112,2025-09-08
1132,60,IN,113,2025-09-14
1133,60,IN,59,2025-09-16
1134,60,IN,21,2025-09-19
1135,60,IN,100,2025-12-17
1136,60,OUT,41,2025-12-18
1137,60,OUT,12,2026-01-01
1138,61,OPENING,500,2025-06-07
1139,61,OUT,35,2025-07-22
1140,61,OUT,107,2025-07-26
1141,61,OUT,65,2025-08-25
1142,61,OUT,55,2025-08-26
1143,61,OUT,45,2025-08-31
1144,61,IN,120,2025-09-25
1145,61,IN,81,2025-10-08
1146,61,OUT,49,2025-10-10
1147,61,OUT,95,2025-10-28
1148,61,IN,42,2025-10-29
1149,61,OUT,24,2025-12-02
1150,61,OUT,38,2025-12-04
1151,61,OUT,28,2025-12-12
1152,61,IN,40,2025-12-13
1153,61,IN,126,2025-12-20
1154,61,OUT,18,2025-12-27
1155,61,IN,118,2025-12-29
1156,61,IN,138,2026-01-02
1157,62,OPENING,500,2025-10-08
1158,62,IN,92,2025-10-09
1159,62,OUT,53,2025-10-09
1160,62,IN,141,2025-10-15
1161,62,IN,49,2025-10-15
1162,62,OUT,60,2025-10-19
1163,62,OUT,108,2025-10-22
1164,62,OUT,98,2025-10-22
1165,62,IN,51,2025-10-25
1166,62,IN,98,2025-10-30
1167,62,OUT,41,2025-11-07
1168,62,OUT,63,2025-12-04
1169,62,IN,42,2025-12-07
1170,62,IN,123,2025-12-17
1171,62,OUT,75,2025-12-18
1172,62,IN,67,2025-12-28
1173,62,OUT,32,2025-12-30
1174,62,IN,76,2026-01-01
1175,62,OUT,118,2026-01-05
1176,63,OPENING,500,2025-02-12
1177,63,IN,119,2025-06-05
1178,63,OUT,33,2025-06-09
1179,63,IN,53,2025-06-17
1180,63,OUT,56,2025-06-22
1181,63,IN,26,2025-07-10
1182,63,OUT,68,2025-07-15
1183,63,OUT,37,2025-07-20
1184,63,OUT,56,2025-07-23
1185,63,OUT,65,2025-08-13
1186,63,OUT,65,2025-08-29
1187,63,IN,66,2025-09-11
1188,63,OUT,20,2025-10-06
1189,63,IN,38,2025-10-18
1190,63,OUT,29,2025-10-22
1191,63,IN,145,2025-11-10
1192,63,OUT,11,2025-11-14
1193,63,OUT,49,2025-11-23
1194,63,IN,132,2025-12-09
1195,64,OPENING,500,2025-03-16
1196,64,OUT,38,2025-04-13
1197,64,IN,83,2025-04-20
1198,64,IN,88,2025-04-29
1199,64,OUT,8,2025-05-13
1200,64,OUT,34,2025-05-30
1201,64,IN,135,2025-06-16
1202,64,OUT,56,2025-06-19
1203,64,OUT,76,2025-06-24
1204,64,OUT,102,2025-06-26
1205,64,IN,84,2025-06-28
1206,64,OUT,31,2025-07-29
1207,64,IN,132,2025-08-12
1208,64,IN,128,2025-09-30
1209,64,IN,88,2025-10-31
1210,64,IN,139,2025-11-05
1211,64,OUT,88,2025-11-10
1212,64,OUT,59,2025-11-26
1213,64,IN,86,2025-12-04
1214,65,OPENING,500,2025-08-03
1215,65,IN,94,2025-08-05
1216,65,IN,64,2025-08-07
1217,65,IN,23,2025-08-07
1218,65,OUT,26,2025-08-09
1219,65,IN,126,2025-08-27
1220,65,IN,70,2025-09-09
1221,65,IN,69,2025-09-16
1222,65,IN,25,2025-09-18
1223,65,IN,78,2025-09-22
1224,65,OUT,15,2025-09-30
1225,65,OUT,117,2025-10-22
1226,65,OUT,30,2025-10-26
1227,65,OUT,42,2025-11-02
1228,65,OUT,101,2025-12-05
1229,65,IN,141,2025-12-16
1230,65,OUT,37,2025-12-22
1231,65,IN,143,2025-12-30
1232,65,OUT,101,2025-12-31
1233,66,OPENING,500,2025-09-12
1234,66,OUT,35,2025-09-18
1235,66,OUT,87,2025-09-26
1236,66,OUT,6,2025-09-29
1237,66,IN,37,2025-10-03
1238,66,OUT,73,2025-10-29
1239,66,IN,132,2025-11-03
1240,66,OUT,29,2025-11-07
1241,66,OUT,77,2025-11-08
1242,66,OUT,59,2025-11-14
1243,66,IN,145,2025-11-28
1244,66,IN,128,2025-12-01
1245,66,OUT,96,2025-12-07
1246,66,OUT,112,2025-12-08
1247,66,IN,41,2025-12-09
1248,66,IN,87,2025-12-16
1249,66,OUT,69,2025-12-20
1250,66,OUT,37,2025-12-29
1251,66,IN,68,2025-12-31
1252,67,OPENING,500,2025-05-02
1253,67,OUT,13,2025-05-04
1254,67,IN,128,2025-05-07
1255,67,OUT,86,2025-05-25
1256,67,OUT,53,2025-05-30
1257,67,IN,142,2025-06-29
1258,67,IN,106,2025-08-08
1259,67,OUT,51,2025-08-13
1260,67,IN,61,2025-08-13
1261,67,OUT,98,2025-08-29
1262,67,IN,128,2025-09-12
1263,67,IN,70,2025-09-20
1264,67,IN,104,2025-10-18
1265,67,IN,146,2025-10-18
1266,67,OUT,108,2025-11-04
1267,67,OUT,21,2025-11-16
1268,67,IN,63,2025-12-08
1269,67,OUT,11,2025-12-17
1270,67,OUT,103,2025-12-28
1271,68,OPENING,500,2025-07-19
1272,68,OUT,68,2025-08-07
1273,68,OUT,115,2025-08-21
1274,68,OUT,1,2025-08-23
1275,68,OUT,92,2025-08-29
1276,68,IN,43,2025-08-30
1277,68,OUT,99,2025-09-05
1278,68,IN,130,2025-10-01
1279,68,OUT,98,2025-10-09
1280,68,IN,36,2025-10-11
1281,68,OUT,99,2025-10-12
1282,68,OUT,82,2025-10-24
1283,68,OUT,40,2025-10-24
1284,68,IN,38,2025-11-02
1285,68,OUT,37,2025-11-16
1286,68,IN,104,2025-11-20
1287,68,IN,27,2025-11-23
1288,68,OUT,28,2025-11-28
1289,68,OUT,5,2025-11-30
1290,69,OPENING,500,2025-05-31
1291,69,OUT,17,2025-06-03
1292,69,IN,120,2025-07-04
1293,69,IN,137,2025-07-08
1294,69,OUT,19,2025-07-23
1295,69,OUT,64,2025-07-30
1296,69,OUT,91,2025-08-04
1297,69,IN,136,2025-08-15
1298,69,IN,117,2025-08-17
1299,69,OUT,11,2025-08-19
1300,69,OUT,54,2025-08-19
1301,69,IN,66,2025-09-23
1302,69,OUT,12,2025-10-09
1303,69,OUT,118,2025-10-27
1304,69,IN,24,2025-11-16
1305,69,IN,39,2025-12-18
1306,69,OUT,41,2025-12-22
1307,69,OUT,46,2025-12-26
1308,69,IN,31,2025-12-31
1309,70,OPENING,500,2025-02-06
1310,70,IN,89,2025-02-17
1311,70,IN,36,2025-03-24
1312,70,IN,134,2025-04-12
1313,70,IN,67,2025-04-19
1314,70,OUT,108,2025-06-09
1315,70,IN,71,2025-07-06
1316,70,IN,115,2025-07-12
1317,70,OUT,70,2025-07-13
1318,70,IN,121,2025-07-21
1319,70,OUT,75,2025-09-10
1320,70,IN,101,2025-09-12
1321,70,IN,111,2025-09-20
1322,70,IN,23,2025-09-30
1323,70,IN,128,2025-10-05
1324,70,OUT,35,2025-10-07
1325,70,IN,67,2025-10-12
1326,70,OUT,73,2025-10-31
1327,70,OUT,72,2025-11-20
1328,71,OPENING,500,2025-02-15
1329,71,IN,135,2025-03-05
1330,71,OUT,45,2025-03-20
1331,71,OUT,81,2025-04-07
1332,71,OUT,81,2025-04-23
1333,71,IN,132,2025-04-28
1334,71,IN,115,2025-05-05
1335,71,OUT,72,2025-06-04
1336,71,OUT,19,2025-06-29
1337,71,IN,82,2025-07-10
1338,71,OUT,38,2025-08-01
1339,71,OUT,67,2025-08-26
1340,71,OUT,59,2025-10-28
1341,71,OUT,69,2025-11-06
1342,71,OUT,13,2025-11-12
1343,71,OUT,47,2025-12-06
1344,71,IN,50,2025-12-12
1345,71,IN,133,2025-12-12
1346,71,IN,41,2026-01-06
1347,72,OPENING,500,2025-01-10
1348,72,OUT,93,2025-01-16
1349,72,IN,86,2025-01-22
1350,72,OUT,54,2025-02-19
1351,72,OUT,10,2025-05-06
1352,72,IN,61,2025-05-21
1353,72,IN,83,2025-06-09
1354,72,OUT,21,2025-06-21
1355,72,IN,54,2025-07-02
1356,72,IN,49,2025-07-13
1357,72,OUT,57,2025-07-14
1358,72,OUT,94,2025-07-19
1359,72,IN,66,2025-09-09
1360,72,OUT,35,2025-09-11
1361,72,IN,38,2025-09-17
1362,72,IN,133,2025-10-23
1363,72,OUT,8,2025-12-04
1364,72,OUT,26,2025-12-18
1365,72,IN,132,2026-01-04
1366,73,OPENING,500,2025-04-15
1367,73,OUT,104,2025-05-09
1368,73,IN,90,2025-06-10
1369,73,OUT,30,2025-06-25
1370,73,OUT,7,2025-06-26
1371,73,IN,86,2025-06-28
1372,73,OUT,65,2025-07-13
1373,73,IN,55,2025-07-23
1374,73,OUT,25,2025-08-10
1375,73,IN,56,2025-09-02
1376,73,IN,20,2025-09-12
1377,73,OUT,15,2025-09-22
1378,73,IN,56,2025-09-23
1379,73,OUT,13,2025-10-10
1380,73,IN,147,2025-10-30
1381,73,IN,146,2025-11-11
1382,73,IN,20,2025-11-15
1383,73,OUT,36,2025-11-17
1384,73,OUT,35,2025-12-09
1385,74,OPENING,500,2025-02-03
1386,74,IN,123,2025-02-20
1387,74,OUT,23,2025-02-20
1388,74,OUT,9,2025-03-23
1389,74,IN,53,2025-04-21
1390,74,IN,147,2025-05-05
1391,74,IN,23,2025-05-10
1392,74,OUT,30,2025-05-17
1393,74,IN,121,2025-05-21
1394,74,IN,94,2025-06-15
1395,74,OUT,99,2025-06-17
1396,74,IN,91,2025-06-27
1397,74,OUT,3,2025-07-10
1398,74,IN,53,2025-08-22
1399,74,OUT,45,2025-09-01
1400,74,IN,80,2025-09-10
1401,74,IN,102,2025-10-18
1402,74,IN,142,2025-11-09
1403,74,OUT,102,2026-01-01
1404,75,OPENING,500,2025-10-24
1405,75,OUT,16,2025-10-30
1406,75,IN,85,2025-10-30
1407,75,IN,138,2025-10-31
1408,75,OUT,34,2025-11-06
1409,75,IN,143,2025-11-07
1410,75,IN,121,2025-11-09
1411,75,IN,85,2025-11-10
1412,75,OUT,66,2025-11-17
1413,75,OUT,90,2025-11-20
1414,75,IN,32,2025-11-29
1415,75,OUT,56,2025-12-03
1416,75,IN,130,2025-12-05
1417,75,OUT,31,2025-12-19
1418,75,IN,53,2025-12-27
1419,75,IN,58,2025-12-31
1420,75,OUT,67,2026-01-02
1421,75,IN,139,2026-01-03
1422,75,IN,145,2026-01-06
1423,76,OPENING,500,2025-06-22
1424,76,OUT,55,2025-06-29
1425,76,OUT,27,2025-07-10
1426,76,IN,137,2025-07-11
1427,76,OUT,93,2025-07-16
1428,76,OUT,103,2025-07-19
1429,76,OUT,53,2025-08-19
1430,76,IN,58,2025-08-27
1431,76,OUT,65,2025-09-13
1432,76,IN,32,2025-09-14
1433,76,OUT,21,2025-09-22
1434,76,IN,72,2025-09-25
1435,76,IN,38,2025-10-02
1436,76,OUT,57,2025-10-07
1437,76,IN,44,2025-10-17
1438,76,IN,50,2025-10-27
1439,76,OUT,81,2025-11-16
1440,76,OUT,55,2025-12-24
1441,76,IN,42,2025-12-25
1442,77,OPENING,500,2025-01-10
1443,77,OUT,32,2025-02-09
1444,77,OUT,62,2025-02-14
1445,77,IN,93,2025-03-01
1446,77,IN,29,2025-03-05
1447,77,IN,73,2025-04-26
1448,77,OUT,52,2025-04-26
1449,77,IN,133,2025-05-28
1450,77,OUT,14,2025-06-11
1451,77,IN,129,2025-06-21
1452,77,IN,72,2025-07-14
1453,77,IN,98,2025-07-25
1454,77,IN,41,2025-08-13
1455,77,OUT,30,2025-08-22
1456,77,OUT,63,2025-08-29
1457,77,OUT,4,2025-12-08
1458,77,OUT,77,2025-12-09
1459,77,OUT,59,2025-12-11
1460,77,IN,27,2025-12-23
1461,78,OPENING,500,2025-06-14
1462,78,IN,31,2025-06-19
1463,78,OUT,119,2025-06-22
1464,78,OUT,31,2025-06-23
1465,78,IN,53,2025-06-30
1466,78,OUT,82,2025-06-30
1467,78,OUT,120,2025-07-30
1468,78,IN,117,2025-08-09
1469,78,OUT,75,2025-08-11
1470,78,OUT,105,2025-08-13
1471,78,OUT,76,2025-08-21
1472,78,OUT,49,2025-08-28
1473,78,OUT,15,2025-09-11
1474,78,OUT,25,2025-09-13
1475,78,IN,112,2025-11-03
1476,78,OUT,26,2025-11-14
1477,78,OUT,18,2025-11-21
1478,78,OUT,38,2025-12-07
1479,78,OUT,17,2025-12-24
1480,79,OPENING,500,2025-04-01
1481,79,IN,106,2025-04-12
1482,79,OUT,88,2025-04-12
1483,79,IN,69,2025-05-04
1484,79,OUT,8,2025-05-09
1485,79,IN,88,2025-05-23
1486,79,OUT,44,2025-06-19
1487,79,OUT,64,2025-07-01
1488,79,IN,140,2025-07-02
1489,79,IN,84,2025-07-31
1490,79,OUT,107,2025-08-01
1491,79,OUT,19,2025-09-12
1492,79,OUT,9,2025-10-19
1493,79,OUT,27,2025-10-30
1494,79,OUT,34,2025-11-11
1495,79,IN,119,2025-12-02
1496,79,OUT,82,2025-12-10
1497,79,OUT,15,2025-12-15
1498,79,OUT,51,2025-12-18
1499,80,OPENING,500,2025-11-06
1500,80,IN,102,2025-11-07
1501,80,OUT,49,2025-11-24
1502,80,OUT,70,2025-11-25
1503,80,OUT,112,2025-11-28
1504,80,IN,75,2025-12-05
1505,80,IN,79,2025-12-05
1506,80,OUT,91,2025-12-06
1507,80,OUT,89,2025-12-06
1508,80,IN,139,2025-12-16
1509,80,IN,42,2025-12-17
1510,80,IN,32,2025-12-18
1511,80,OUT,101,2025-12-22
1512,80,IN,43,2025-12-23
1513,80,IN,127,2025-12-24
1514,80,IN,30,2025-12-27
1515,80,IN,36,2025-12-28
1516,80,OUT,68,2025-12-30
1517,80,OUT,47,2025-12-30
